Workbook

Sheet Basic Pay
B3: Basic Pay of the Employees
B4: Emp_ID | C4: Emp_Name | D4: Emp_Basic_Pay
B5: 5001 | C5: Sandy | D5: 4500
B6: 5003 | C6: Sam | D6: 2500
B7: 5098 | C7: Peter | D7: 4500
B8: 5689 | C8: Bobby | D8: 3200
B9: 5764 | C9: John | D9: 1223
B10: 5091 | C10: Rita | D10: 7890
B11: 5673 | C11: Rozy | D11: 6500
B12: 5901 | C12: Rozita | D12: 5479
B13: 5764 | C13: Andre | D13: 3456
B14: 5555 | C14: Rocher | D14: 1200

Sheet HRA
B3: HRA of the Employees
B4: Emp_ID | C4: Emp_Name | D4: Emp_HRA
B5: 5001 | C5: Sandy | D5: =('Basic Pay'!D5+DA!D5)*$G$5 -> 2520 | F5: HRA Rate | G5: 0.5
B6: 5003 | C6: Sam | D6: =('Basic Pay'!D6+DA!D6)*$G$5 -> 1400
B7: 5098 | C7: Peter | D7: =('Basic Pay'!D7+DA!D7)*$G$5 -> 2520
B8: 5689 | C8: Bobby | D8: =('Basic Pay'!D8+DA!D8)*$G$5 -> 1792
B9: 5764 | C9: John | D9: =('Basic Pay'!D9+DA!D9)*$G$5 -> 684.88
B10: 5091 | C10: Rita | D10: =('Basic Pay'!D10+DA!D10)*$G$5 -> 4418.4
B11: 5673 | C11: Rozy | D11: =('Basic Pay'!D11+DA!D11)*$G$5 -> 3640
B12: 5901 | C12: Rozita | D12: =('Basic Pay'!D12+DA!D12)*$G$5 -> 3068.24
B13: 5764 | C13: Andre | D13: =('Basic Pay'!D13+DA!D13)*$G$5 -> 1935.36
B14: 5555 | C14: Rocher | D14: =('Basic Pay'!D14+DA!D14)*$G$5 -> 672

Sheet DA
B3: DA of the Employees
B4: Emp_ID | C4: Emp_Name | D4: Emp_DA
B5: 5001 | C5: Sandy | D5: ='Basic Pay'!D5*$G$5 -> 540 | F5: DA Rate | G5: 0.12
B6: 5003 | C6: Sam | D6: ='Basic Pay'!D6*$G$5 -> 300
B7: 5098 | C7: Peter | D7: ='Basic Pay'!D7*$G$5 -> 540
B8: 5689 | C8: Bobby | D8: ='Basic Pay'!D8*$G$5 -> 384
B9: 5764 | C9: John | D9: ='Basic Pay'!D9*$G$5 -> 146.76
B10: 5091 | C10: Rita | D10: ='Basic Pay'!D10*$G$5 -> 946.8
B11: 5673 | C11: Rozy | D11: ='Basic Pay'!D11*$G$5 -> 780
B12: 5901 | C12: Rozita | D12: ='Basic Pay'!D12*$G$5 -> 657.48
B13: 5764 | C13: Andre | D13: ='Basic Pay'!D13*$G$5 -> 414.72
B14: 5555 | C14: Rocher | D14: ='Basic Pay'!D14*$G$5 -> 144

Sheet gross salary 
D3: Gross salary of Employees
B4: Emp id | C4: Emp Name | D4: Emp Basic Pay | E4: Emp DA | F4: Emp HRA | G4: Emp Gross salary
B5: ='Basic Pay'!B5 -> 5001 | C5: ='Basic Pay'!C5 -> Sandy | D5: ='Basic Pay'!D5 -> 4500 | E5: =DA!D5 -> 540 | F5: =HRA!D5 -> 2520 | G5: =SUM(D5:F5) -> 7560
B6: ='Basic Pay'!B6 -> 5003 | C6: ='Basic Pay'!C6 -> Sam | D6: ='Basic Pay'!D6 -> 2500 | E6: =DA!D6 -> 300 | F6: =HRA!D6 -> 1400 | G6: =SUM(D6:F6) -> 4200
B7: ='Basic Pay'!B7 -> 5098 | C7: ='Basic Pay'!C7 -> Peter | D7: ='Basic Pay'!D7 -> 4500 | E7: =DA!D7 -> 540 | F7: =HRA!D7 -> 2520 | G7: =SUM(D7:F7) -> 7560
B8: ='Basic Pay'!B8 -> 5689 | C8: ='Basic Pay'!C8 -> Bobby | D8: ='Basic Pay'!D8 -> 3200 | E8: =DA!D8 -> 384 | F8: =HRA!D8 -> 1792 | G8: =SUM(D8:F8) -> 5376
B9: ='Basic Pay'!B9 -> 5764 | C9: ='Basic Pay'!C9 -> John | D9: ='Basic Pay'!D9 -> 1223 | E9: =DA!D9 -> 146.76 | F9: =HRA!D9 -> 684.88 | G9: =SUM(D9:F9) -> 2054.64
B10: ='Basic Pay'!B10 -> 5091 | C10: ='Basic Pay'!C10 -> Rita | D10: ='Basic Pay'!D10 -> 7890 | E10: =DA!D10 -> 946.8 | F10: =HRA!D10 -> 4418.4 | G10: =SUM(D10:F10) -> 13255.2
B11: ='Basic Pay'!B11 -> 5673 | C11: ='Basic Pay'!C11 -> Rozy | D11: ='Basic Pay'!D11 -> 6500 | E11: =DA!D11 -> 780 | F11: =HRA!D11 -> 3640 | G11: =SUM(D11:F11) -> 10920
B12: ='Basic Pay'!B12 -> 5901 | C12: ='Basic Pay'!C12 -> Rozita | D12: ='Basic Pay'!D12 -> 5479 | E12: =DA!D12 -> 657.48 | F12: =HRA!D12 -> 3068.24 | G12: =SUM(D12:F12) -> 9204.72
B13: ='Basic Pay'!B13 -> 5764 | C13: ='Basic Pay'!C13 -> Andre | D13: ='Basic Pay'!D13 -> 3456 | E13: =DA!D13 -> 414.72 | F13: =HRA!D13 -> 1935.36 | G13: =SUM(D13:F13) -> 5806.08
B14: ='Basic Pay'!B14 -> 5555 | C14: ='Basic Pay'!C14 -> Rocher | D14: ='Basic Pay'!D14 -> 1200 | E14: =DA!D14 -> 144 | F14: =HRA!D14 -> 672 | G14: =SUM(D14:F14) -> 2016
